⣾  Connecting to database
PRAGMA foreign_keys=OFF;
BEGIN TRANSACTION;
CREATE TABLE IF NOT EXISTS users (
    id INTEGER PRIMARY KEY AUTOINCREMENT,
    name TEXT NOT NULL,
    email TEXT UNIQUE NOT NULL,
    password TEXT NOT NULL,
    role TEXT DEFAULT 'user'
);
INSERT INTO users VALUES(1,'Michi','michi.mauch@gmail.com','$2b$12$jnXNXevOs9JS/zY9i5WAMOFuW/0clrs2oblZ3f8Z/RSDdGtBrhyJy','admin');
CREATE TABLE IF NOT EXISTS campsites (
    id INTEGER PRIMARY KEY AUTOINCREMENT,
    name TEXT NOT NULL,
    location TEXT,
    teaser_image TEXT,
    latitude REAL NOT NULL,
    longitude REAL NOT NULL,
    country TEXT NOT NULL,
    country_code TEXT NOT NULL,
    iso_alpha3 TEXT NOT NULL,
    altitude REAL
, state VARCHAR(255));
INSERT INTO campsites VALUES(187,'Camping Obsee','Lungern','5a381898d0b95',46.78531,8.15221,'Schweiz','ch','CHE',NULL,NULL);
INSERT INTO campsites VALUES(188,'Camping Jakobsbad','Gonten','IMG_20190721_101022-1024x768',47.31856,9.33442,'Schweiz','ch','CHE',NULL,NULL);
INSERT INTO campsites VALUES(189,'Camping am Rhein','Kaiseraugst','camping-kaiseraugst-1024x576',47.53924,7.7159,'Schweiz','ch','CHE',NULL,NULL);
INSERT INTO campsites VALUES(190,'Dany''s Camping','Lütschental','Danys_Camping_Einfahrt-1024x678',46.6373,7.9315,'Schweiz','ch','CHE',NULL,NULL);
INSERT INTO campsites VALUES(191,'Camping de Portalban','Portalban','image-articleDetail-6ec6b759-1029207',46.92177,6.95648,'Schweiz','ch','CHE',NULL,NULL);
INSERT INTO campsites VALUES(192,'Alpincamping Klösterle','Klösterle','gallery-img-03-big',47.13091,10.09715,'Schweiz','ch','CHE',NULL,NULL);
INSERT INTO campsites VALUES(193,'Camping Hochzillertal','Kaltenbach','162868cbe5',47.29692,11.87506,'Österreich','at','AUT',NULL,NULL);
INSERT INTO campsites VALUES(194,'Camping Mayrhofen','Mayrhofen','Camping_Mayrhofen_Luftbild_DJI_0202',47.17555,11.87094,'Österreich','at','AUT',NULL,NULL);
INSERT INTO campsites VALUES(195,'Camping Giessenpark','Bad Ragaz','camp-5',47.00526,9.5122,'Schweiz','ch','CHE',NULL,NULL);
INSERT INTO campsites VALUES(196,'Camping Gravas','Lenzerheide','camping-gravas1_358641-1024x683',46.72254,9.55511,'Schweiz','ch','CHE',NULL,NULL);
INSERT INTO campsites VALUES(197,'Parkplatz vis-a-vis Restaurant Furkablick','Furkapass','IMG_20180923_132544-1024x768',46.57249,8.41496,'Schweiz','ch','CHE',NULL,NULL);
INSERT INTO campsites VALUES(199,'Camping La Brise','Saintes-Maries-de-la-Mer','IMG_20181028_092539-1024x768',43.45638,4.44132,'Schweiz','fr','FRA',NULL,NULL);
INSERT INTO campsites VALUES(200,'Camping LVL les Ayguades','Narboone Plage','CampAyguades126372-J-1024x682',43.13196,3.14164,'Frankreich','fr','FRA',NULL,NULL);
INSERT INTO campsites VALUES(201,'Camping Bagatelle','Avignon','camping',43.95397,4.79883,'Frankreich','fr','FRA',NULL,NULL);
INSERT INTO campsites VALUES(202,'Aire de Camping-Car','Chantesse','2018-11-01_20-27-33',45.24114,5.45551,'Frankreich','fr','FRA',NULL,NULL);
INSERT INTO campsites VALUES(203,'Camping du Rocheray','Lac de Joux','8016bild2',46.62622,6.25268,'Frankreich','fr','FRA',NULL,NULL);
INSERT INTO campsites VALUES(204,'Talstation Stockhorn','Erlenbach','040',46.6597,7.5455,'Schweiz','ch','CHE',NULL,NULL);
INSERT INTO campsites VALUES(205,'Talstation Stoosbahnen','Schwyz','2019-02-23_17-12-36-1024x476.png',46.9928,8.6743,'Schweiz','ch','CHE',NULL,NULL);
INSERT INTO campsites VALUES(206,'Campingplatz Bernerhöhe','Goldau','IMG_20190223_145028',47.04029,8.56031,'Schweiz','ch','CHE',NULL,NULL);
INSERT INTO campsites VALUES(207,'Therme-Stellplatz','Therme Bad Wörishofen','IMG_20190310_090654-550x400',48.01999,10.59167,'Schweiz','ch','CHE',NULL,NULL);
INSERT INTO campsites VALUES(208,'Wohnmobil Stellplatz Todtmoos','Todtmoos','IMG_20190323_155751-550x400',47.73052,8.00189,'Deutschland','de','DEU',NULL,NULL);
INSERT INTO campsites VALUES(209,'Wohnmobil Stellplatz Todtnau','Todtnau','IMG_20190419_184243-550x400',47.83227,7.9557,'Deutschland','de','DEU',NULL,NULL);
INSERT INTO campsites VALUES(210,'Campingplatz Sandbank','Titisee','IMG_20190421_183037',47.88689,8.14056,'Deutschland','de','DEU',NULL,NULL);
INSERT INTO campsites VALUES(211,'Campingplatz Unterägerie','Ägerisee','IMG_20190510_201144_1',47.12706,8.59717,'Schweiz','ch','CHE',NULL,NULL);
INSERT INTO campsites VALUES(212,'Parkplatz beim Eisstadion','Nendaz','IMG_20190530_091357',46.18205,7.29102,'Schweiz','ch','CHE',NULL,NULL);
INSERT INTO campsites VALUES(213,'Campingplatz Augenstern','Reckingen','IMG_20190601_102227',46.46477,8.24447,'Schweiz','ch','CHE',NULL,NULL);
INSERT INTO campsites VALUES(214,'Wohnmobil-Stellplatz Brigels','Brigels/Breil','IMG_20200821_202417',46.77077,9.06795,'Schweiz','ch','CHE',NULL,NULL);
INSERT INTO campsites VALUES(215,'Stellplatz Rock the Ring','Hinwil','IMG_20190621_083018',47.29694,8.8229,'Schweiz','ch','CHE',NULL,NULL);
INSERT INTO campsites VALUES(216,'Campingplatz Gerbe','Meierskappel','IMG_20190713_085848',47.12125,8.44668,'Schweiz','ch','CHE',NULL,NULL);
INSERT INTO campsites VALUES(217,'Wohnmobil-Stellplatz Laufenburg','Laufenburg','IMG_20190731_195333',47.56524,8.0673,'Deutschland','de','DEU',NULL,NULL);
INSERT INTO campsites VALUES(218,'Stellplatz Höchenschwand','Höchenschwand','IMG_20190803_070032',47.73716,8.16059,'Deutschland','de','DEU',NULL,NULL);
INSERT INTO campsites VALUES(219,'Camping Thur','Alt St. Johann','IMG_20190803_143809-550x400',47.19379,9.28745,'Schweiz','ch','CHE',NULL,NULL);
INSERT INTO campsites VALUES(220,'Stellplatz Bikepark Brandnertal','Brandnertal','IMG_20190806_125845',47.14643,9.75999,'Österreich','at','AUT',NULL,NULL);
INSERT INTO campsites VALUES(221,'Camping RinerLodge','Davos','IMG_20190809_151748-1024x768',46.7451,9.77954,'Schweiz','ch','CHE',NULL,NULL);
INSERT INTO campsites VALUES(222,'Stellplatz Lorsch','Lorsch','IMG_20190907_083001',49.65216,8.57934,'Deutschland','de','DEU',NULL,NULL);
INSERT INTO campsites VALUES(223,'Reisemobilhafen am Deich','Ditzum','IMG_20190907_165208',53.31559,7.28792,'Deutschland','de','DEU',NULL,NULL);
INSERT INTO campsites VALUES(224,'Stellplatz Ocean Wave','Norddeich','IMG_20190909_134633',53.61077,7.15519,'Deutschland','de','DEU',NULL,NULL);
INSERT INTO campsites VALUES(225,'Reisemobilhafen an der Ostdüne','Hooksiel','IMG_20190912_191154',53.64062,8.04049,'Deutschland','de','DEU',NULL,NULL);
INSERT INTO campsites VALUES(226,'Stellplatz Butjadinger YC','Burhaven','IMG_20190913_190820',53.59348,8.35897,'Deutschland','de','DEU',NULL,NULL);
INSERT INTO campsites VALUES(227,'Stellplatz am Fährhafen','Cuxhaven','IMG_20190915_124111',53.87587,8.70348,'Deutschland','de','DEU',NULL,NULL);
INSERT INTO campsites VALUES(228,'Stellplatz Elbepark','Hamburg','IMG_20190917_134008',53.87587,8.70348,'Deutschland','de','DEU',NULL,NULL);
INSERT INTO campsites VALUES(229,'Stellplatz Sülzwiesen','Lüneburg','IMG_20190920_185627',53.24558,10.39698,'Deutschland','de','DEU',NULL,NULL);
INSERT INTO campsites VALUES(230,'Stellplatz Heber','Lüneburger Heide','IMG_20190921_174052',53.0712,9.86336,'Deutschland','de','DEU',NULL,NULL);
INSERT INTO campsites VALUES(231,'Stellplatz Kristall Therme','Altenau','IMG_20190923_124902',51.79744,10.44318,'Deutschland','de','DEU',NULL,NULL);
INSERT INTO campsites VALUES(232,'Stellplatz Therme Erding','Erding','IMG_20190924_174159',48.29224,11.88604,'Deutschland','de','DEU',NULL,NULL);
INSERT INTO campsites VALUES(233,'Stellplatz am Naturerlebnisbad','Murg','IMG_20191221_124635',47.55193,8.02386,'Schweiz','ch','CHE',NULL,NULL);
INSERT INTO campsites VALUES(234,'Camping Schafbergblick','Wildhaus','IMG_20191229_152114-1024x768',47.19964,9.36058,'Schweiz','ch','CHE',NULL,NULL);
INSERT INTO campsites VALUES(235,'Camping Breithorn','Stechelberg','IMG_20200103_162654-1024x768',46.56837,7.9085,'Schweiz','ch','CHE',NULL,NULL);
INSERT INTO campsites VALUES(236,'Camping Seeweid','Schwarzsee','IMG_20200208_094603-1024x768',46.66102,7.27693,'Schweiz','ch','CHE',NULL,NULL);
INSERT INTO campsites VALUES(237,'Wohnmobil-Stellplatz Schluchsee','Schluchsee','IMG_20200126_103017',47.81512,8.18112,'Deutschland','de','DEU',NULL,NULL);
INSERT INTO campsites VALUES(238,'Camping Hasenweid','Lenk','IMG_20200316_151442',46.4281,7.47854,'Schweiz','ch','CHE',NULL,NULL);
INSERT INTO campsites VALUES(239,'Wohnmobil-Stellplatz Stöckalp','Melchtal','IMG_20200520_190729',46.80179269386121,8.279528617858888,'Schweiz','ch','CHE',NULL,NULL);
INSERT INTO campsites VALUES(240,'Parkplatz Restaurant Gfellen','Entlebuch','2020-06-22_21-42-53-1024x494.png',46.9557,8.12783,'Schweiz','ch','CHE',NULL,NULL);
INSERT INTO campsites VALUES(241,'Stellplatz-Bisangmatt','Willisau','IMG_20200531_151609',46.80165,8.18112,'Schweiz','ch','CHE',NULL,NULL);
INSERT INTO campsites VALUES(242,'TCS Camping Salavaux Plage','Salavaux','IMG_20200621_100937',46.91274,7.03406,'Schweiz','ch','CHE',NULL,NULL);
INSERT INTO campsites VALUES(243,'Stellplatz Göscheneralpsee','Göschenen','IMG_20200704_092303',46.64881,8.50023,'Schweiz','ch','CHE',NULL,NULL);
INSERT INTO campsites VALUES(244,'Stellplatz Gurtnellen','Gurtnellen','20230205_112445',46.73064,8.625,'Schweiz','ch','CHE',NULL,NULL);
INSERT INTO campsites VALUES(245,'Camping du Grand Paradis','Champéry','IMG_20200712_163941',46.16306,6.86041,'Schweiz','ch','CHE',NULL,NULL);
INSERT INTO campsites VALUES(246,'Camping Eggishorn','Fiesch','IMG_20200716_142941',46.41011,8.13979,'Schweiz','ch','CHE',NULL,NULL);
INSERT INTO campsites VALUES(247,'Parkplatz Furkapasshöhe','Furkapass','IMG_20200808_062848',46.57249,8.41496,'Schweiz','ch','CHE',NULL,NULL);
INSERT INTO campsites VALUES(248,'Gotthard Camping','Andermatt','IMG_20200808_143942',46.63197,8.59099,'Schweiz','ch','CHE',NULL,NULL);
INSERT INTO campsites VALUES(249,'Parkplatz Flüelapass','Flüelapass','IMG_20200809_204546',46.74534,9.95797,'Schweiz','ch','CHE',NULL,NULL);
INSERT INTO campsites VALUES(250,'Stellplatz Wiriehornbahn','Diemtigtal','IMG_20200905_191738',46.61241,7.53363,'Schweiz','ch','CHE',NULL,NULL);
INSERT INTO campsites VALUES(251,'Stellplatz Sportplatz in Bernau','Bernau','wohnmobil-stellplatz-2020-4',47.80584,8.02901,'Deutschland','de','CHE',NULL,NULL);
INSERT INTO campsites VALUES(252,'Wohnmobil-Stellplatz Obersee','Näfels','wohnmobil-stellplatz-2020-7',47.08534,8.99782,'Schweiz','ch','DEU',NULL,NULL);
INSERT INTO campsites VALUES(253,'Stellplatz Restaurant Ilge','Vilters','IMG_20201024_114215-1',47.02337,9.45085,'Schweiz','ch','CHE',NULL,NULL);
INSERT INTO campsites VALUES(254,'Camping Miralago','Tenero','IMG_20201028_070059',46.17235,8.84593,'Schweiz','ch','CHE',NULL,NULL);
INSERT INTO campsites VALUES(255,'Wohnmobil-Stellplatz Locarno','Locarno','IMG_20201029_110034',46.16406,8.79883,'Schweiz','ch','CHE',NULL,NULL);
INSERT INTO campsites VALUES(256,'Wohnmobil-Stellplatz Lugano','Lugano','IMG_20201102_110351',46.00033,8.94478,'Schweiz','ch','CHE',NULL,NULL);
INSERT INTO campsites VALUES(257,'Campeggio ai Bosconi','Caslano','IMG_20201103_154301',45.97221863578342,8.886941671371462,'Schweiz','ch','CHE',NULL,NULL);
INSERT INTO campsites VALUES(258,'Camping Eienwäldli','Engelberg','IMG_20201128_093859-1024x768',46.80937,8.42378,'Schweiz','ch','CHE',NULL,NULL);
INSERT INTO campsites VALUES(259,'TCS Camping Lugano','Agno','IMG_20201230_153638-1024x768',45.99475,8.90947,'Schweiz','ch','CHE',NULL,NULL);
INSERT INTO campsites VALUES(260,'Camping Frutigenresort','Frutigen','IMG_20210206_152708',46.59386,7.65476,'Schweiz','ch','CHE',NULL,NULL);
INSERT INTO campsites VALUES(261,'WoMo-Dinner Weisses Kreuz','Lyss','womo-diner-lyss-6',47.07296,7.30519,'Schweiz','ch','CHE',NULL,NULL);
INSERT INTO campsites VALUES(262,'WoMo-Dinner Stellplatz','Rest. Hirschen, Grünen','IMG_20210306_174911',47.02548,7.74253,'Schweiz','ch','CHE',NULL,NULL);
INSERT INTO campsites VALUES(263,'Camping Jungfrau Camp','Unterseen bei Interlaken','IMG_20210402_095641',46.6867,7.83517,'Schweiz','ch','CHE',NULL,NULL);
INSERT INTO campsites VALUES(264,'Familiencamping Aaregg','Brienz','IMG_20210417_105754',46.74774,8.04747,'Schweiz','ch','CHE',NULL,NULL);
INSERT INTO campsites VALUES(265,'Camping Swiss Plage','Salgesch','IMG_20210420_124312',46.30089,7.56395,'Schweiz','ch','CHE',NULL,NULL);
INSERT INTO campsites VALUES(266,'Camping Bachtalen','Möhlin','camping-moehlin-1',47.57578,7.83835,'Schweiz','ch','CHE',NULL,NULL);
INSERT INTO campsites VALUES(267,'Stellplatz Bei der Hofstatt','Tenna','IMG_20210513_075123',46.75118,9.34184,'Schweiz','ch','CHE',NULL,NULL);
INSERT INTO campsites VALUES(268,'Campingplatz Thorbach','Flühli','IMG_20210523_090017',46.87673,8.01245,'Schweiz','ch','CHE',NULL,NULL);
INSERT INTO campsites VALUES(269,'Camping Kohlhofmühl','Pernitz','IMG_20210530_112044',47.89129,15.95546,'Österreich','at','CHE',NULL,NULL);
INSERT INTO campsites VALUES(270,'Camping Forstgarten','Gstatterboden','IMG_20210601_134513',47.5895,14.62871,'Österreich','at','AUT',NULL,NULL);
INSERT INTO campsites VALUES(271,'Reisemobil Stellplatz Salzburg','Salzburg','IMG_20210604_104655',47.83532,13.06089,'Österreich','at','AUT',NULL,NULL);
INSERT INTO campsites VALUES(272,'Kaiser Camp','Scheffau/Elmau','IMG_20210606_133743',47.52438,12.24854,'Österreich','at','AUT',NULL,NULL);
INSERT INTO campsites VALUES(273,'Camping Zillertal','Aschau','IMG_20210610_121516',47.26392,11.90106,'Österreich','at','AUT',NULL,NULL);
INSERT INTO campsites VALUES(274,'Camping International','Giswil','Platz_419_60d98c15a81f-1024x768',46.8538,8.18798,'Schweiz','ch','AUT',NULL,NULL);
INSERT INTO campsites VALUES(275,'Stellplatz Sörenberg Platz','Sörenberg','IMG_20210702_113008',46.81676,8.04175,'Schweiz','ch','CHE',NULL,NULL);
INSERT INTO campsites VALUES(276,'Stellplatz Jungfraupark','Interlaken','womo-wochenende-stellplatz-interlaken-5',46.6807,7.87688,'Schweiz','ch','CHE',NULL,NULL);
INSERT INTO campsites VALUES(277,'Privater Stellplatz Knirig','Stans','IMG_20210813_190001',46.95423,8.363,'Schweiz','ch','CHE',NULL,NULL);
INSERT INTO campsites VALUES(278,'Alpen Camping','Meiringen','IMG_20210904_151058',46.73249,8.17062,'Schweiz','ch','CHE',NULL,NULL);
INSERT INTO campsites VALUES(279,'Stellplatz','Therme Bad Wörishofen','IMG_20211014_171228-550x400',48.01999,10.59167,'Deutschland','de','CHE',NULL,NULL);
INSERT INTO campsites VALUES(280,'Wohnmobilpark','Bad Reichenhall','IMG_20211017_151548',47.73416,12.87538,'Deutschland','de','DEU',NULL,NULL);
INSERT INTO campsites VALUES(281,'Stellplatz Therme Bad Aibling','Bad Aibling','IMG_20211022_101011',47.85633,12.00644,'Deutschland','de','DEU',NULL,NULL);
INSERT INTO campsites VALUES(282,'Camping Erlebnis Zugspitze','Grainau','IMG_20211024_125802',47.48069,11.05444,'Deutschland','de','DEU',NULL,NULL);
INSERT INTO campsites VALUES(283,'Wohnmobilpark Füssen','Füssen','IMG_20211025_123408',47.58179,10.70265,'Deutschland','de','DEU',NULL,NULL);
INSERT INTO campsites VALUES(284,'Wohnmobilpark Bad Hindelang','Bad Hindelang','IMG_20211027_120606',47.49979,10.37228,'Deutschland','de','DEU',NULL,NULL);
INSERT INTO campsites VALUES(285,'Park Camping','Lindau am Bodensee','IMG_20211030_102628',47.53721,9.72969,'Deutschland','de','DEU',NULL,NULL);
INSERT INTO campsites VALUES(286,'Camping Bumbach','Schangnau','2022-01-02_09-10-56.png',46.81377,7.89053,'Schweiz','ch','DEU',NULL,NULL);
INSERT INTO campsites VALUES(287,'Camping Manor Farm','Unterseen','IMG_20211230_122700',46.68018,7.81411,'Schweiz','ch','CHE',NULL,NULL);
INSERT INTO campsites VALUES(288,'Camping Jaunpass','Boltigen','camping-jaunpass-6',46.59208,7.3374,'Schweiz','ch','CHE',NULL,NULL);
INSERT INTO campsites VALUES(289,'TCS Camping Solothurn','Stadt Solothurn','IMG_20220306_090857-1024x768',47.19732,7.52184,'Schweiz','ch','CHE',NULL,NULL);
INSERT INTO campsites VALUES(290,'TCS Camping Thusis-Viamala','Thusis','IMG_20220415_114242',46.69978,9.44503,'Schweiz','ch','CHE',NULL,NULL);
INSERT INTO campsites VALUES(291,'Stellplatz Oggebbio','Oggebbio','IMG_20220418_123711',45.99644,8.65336,'Italien','it','CHE',NULL,NULL);
INSERT INTO campsites VALUES(292,'Stellplatz Lampertij 6','Gampel','IMG_20220421_152605',46.30731,7.74187,'Schweiz','ch','CHE',NULL,NULL);
INSERT INTO campsites VALUES(293,'Stellplatz Lac  Sourterrain','St-Léonard','IMG_20220422_175519',46.25563,7.42593,'Schweiz','ch','CHE',NULL,NULL);
INSERT INTO campsites VALUES(294,'Camping de Vidy','Lausanne','IMG_20220424_101556',46.51655,6.59829,'Schweiz','ch','CHE',NULL,NULL);
INSERT INTO campsites VALUES(295,'Camping Yverdons Plage','Yverdon','netnode-campoffice-yverdon-2022-5',46.78515,6.64993,'Schweiz','ch','CHE',NULL,NULL);
INSERT INTO campsites VALUES(296,'Camping International Lido','Luzern','luzern-thun-1',47.05033,8.3394,'Schweiz','ch','CHE',NULL,NULL);
INSERT INTO campsites VALUES(297,'TCS Camping Thun','Gwatt bei Thun','luzern-thun-11',46.72804,7.62848,'Schweiz','ch','CHE',NULL,NULL);
INSERT INTO campsites VALUES(298,'Camping Attermenzen','Randa','breithorn-weekend-8',46.08617,7.78313,'Schweiz','ch','CHE',NULL,NULL);
INSERT INTO campsites VALUES(299,'Stellplatz Hotel Sunstar','Davos','todtmoos-davos-4',46.79262,9.81816,'Schweiz','ch','CHE',NULL,NULL);
INSERT INTO campsites VALUES(300,'Stellplatz Todtmoos','Todtmoos','todtmoos-davos-13-550x400',47.73052,8.00189,'Deutschland','de','CHE',NULL,NULL);
INSERT INTO campsites VALUES(301,'Stellplatz Unterschächen','Unterschächen','20220814_144818',46.86371,8.7665,'Schweiz','ch','CHE',NULL,NULL);
INSERT INTO campsites VALUES(302,'Stellplatz Geisssticki','Gurtnellen','20230205_112408',46.73078,8.6258,'Schweiz','ch','CHE',NULL,NULL);
INSERT INTO campsites VALUES(303,'Wohnmobil-Stellplatz Eichholz','Bern','bern-eichholz-3',46.93323,7.45672,'Schweiz','ch','CHE',NULL,NULL);
INSERT INTO campsites VALUES(304,'Stellplatz Lugano','Lugano','IMG_20220107_153923',46.00033,8.94478,'Schweiz','ch','CHE',NULL,NULL);
INSERT INTO campsites VALUES(305,'Camping Thöni','St. Valentin auf der Haide','20230429_140038',46.76982,10.53181,'Italien','it','CHE',NULL,NULL);
INSERT INTO campsites VALUES(306,'Camping Goldrain','Ceveddale (Südtirol)','20230502_085836',46.61759,10.81889,'Italien','it','ITA',NULL,NULL);
INSERT INTO campsites VALUES(307,'Stellplatz Sonnenburghof','Dorf Tirol','20230503_150830',46.67595,11.16691,'Italien','it','ITA',NULL,NULL);
INSERT INTO campsites VALUES(308,'Campingplatz Muglin','Müstair','20230505_173843',46.62511,10.44995,'Schweiz','ch','ITA',NULL,NULL);
INSERT INTO campsites VALUES(309,'Country Interlaken','Interlaken','20230622_154340',46.67896,7.88469,'Schweiz','ch','CHE',NULL,NULL);
INSERT INTO campsites VALUES(310,'Campingplatz**** Frutigresort','Frutigen','IMG_20210206_152647',46.59401,7.65458,'Schweiz','ch','CHE',NULL,NULL);
INSERT INTO campsites VALUES(311,'Stellplatz Rehbach','Menzenschwand','20230902_144053',47.8132,8.069,'Deutschland','de','CHE',NULL,NULL);
INSERT INTO campsites VALUES(312,'Stellplatz Marina Bay Yacht Club','Buchholz','20230924_084851',52.68064,9.70834,'Deutschland','de','DEU',NULL,NULL);
INSERT INTO campsites VALUES(313,'Stellplatz Oasen Rømø','Rømø','20230924_143204',55.09422,8.5411,'Dänemark','dk','DEU',NULL,NULL);
INSERT INTO campsites VALUES(314,'Campingplatz First Camp','Rømø','20230926_113656',55.1465,8.49145,'Dänemark','dk','DNK',NULL,NULL);
INSERT INTO campsites VALUES(315,'Autocamper plads Hvide Sande Havn','Hvide Sande','20230928_164811',56.00145,8.1284,'Dänemark','dk','DNK',NULL,NULL);
INSERT INTO campsites VALUES(316,'Stellplatz Haverslev Havn','Haverslev','20230929_174351',57.02986,9.40037,'Dänemark','dk','DNK',NULL,NULL);
INSERT INTO campsites VALUES(317,'Campingplatz CampOne','Skagen','20231001_154020',57.73009,10.61626,'Dänemark','dk','DNK',NULL,NULL);
INSERT INTO campsites VALUES(318,'Stellplatz Frederikshavn Marina','Frederikshavn','20231002_132131',57.42401,10.52762,'Dänemark','dk','DNK',NULL,NULL);
INSERT INTO campsites VALUES(319,'Stellplatz Egå Marina','Egå','20231003_161725',56.21075,10.2881,'Dänemark','dk','DNK',NULL,NULL);
INSERT INTO campsites VALUES(320,'Camper plads Sejlclub','Haderslev','20231004_160520',55.24783,9.49936,'Dänemark','dk','DNK',NULL,NULL);
INSERT INTO campsites VALUES(321,'Stellplatz Sülzwiese','Lüneburg','20231005_142508',53.24554,10.39753,'Deutschland','de','DNK',NULL,NULL);
INSERT INTO campsites VALUES(322,'Campingplatz Südsee-Camp','Wietzendorf','20231006_163214',52.93625,9.96934,'Deutschland','de','DEU',NULL,NULL);
INSERT INTO campsites VALUES(323,'Stellplatz beim Sportplatz','Bruchsal','20231009_175805',49.13475,8.58652,'Deutschland','de','DEU',NULL,NULL);
INSERT INTO campsites VALUES(324,'Campingplatz Trendcamping','Wolfach','20231010_113752',48.29173,8.27858,'Deutschland','de','DEU',NULL,NULL);
INSERT INTO campsites VALUES(325,'Ferienhof Rüti','Mohrschach','20231228_124645',46.99006,8.63366,'Schweiz','ch','DEU',NULL,NULL);
INSERT INTO campsites VALUES(326,'Camping Arnist','Oberwil im Simmental','20240128_110254',46.65441,7.432,'Schweiz','ch','CHE',NULL,NULL);
INSERT INTO campsites VALUES(327,'Stellplatz byherger','Altdorf','20240317_100310',46.87301,8.64437,'Schweiz','ch','CHE',NULL,NULL);
INSERT INTO campsites VALUES(328,'Stellplatz Allianz Arena','München','20240328_143625',48.22088,11.62544,'Deutschland','de','CHE',NULL,NULL);
INSERT INTO campsites VALUES(329,'Camping Seeshaupt','Seeshaupt','20240329_103924',47.82064,11.3229,'Deutschland','de','DEU',NULL,NULL);
INSERT INTO campsites VALUES(330,'Stellplatz Allmend Rheintal','Altstätten','20240628_201652',47.36759,9.55188,'Schweiz','ch','CHE',NULL,NULL);
INSERT INTO campsites VALUES(331,'Camper Area Tamaro','Monte Ceneri','20221017_170003',46.13852,8.90679,'Schweiz','ch','CHE',613,NULL);
INSERT INTO campsites VALUES(332,'Camping Fornella','Portese','20221018_131303',45.5855,10.56761,'Italien','it','ITA',139,NULL);
INSERT INTO campsites VALUES(333,'Camping Fusina','Venezia','20221022_081125',45.42072,12.25883,'Italien','it','ITA',43,NULL);
INSERT INTO campsites VALUES(334,'Campingplatz Eichholz','Bern','0ef4387b-ca43-0536-9a8d-e94eff67a1cf',46.93323,7.45672,'Schweiz','ch','CHE',NULL,NULL);
INSERT INTO campsites VALUES(335,'Stellplatz Salinental','Bad Kreuznach','20240911_142343',49.82756,7.85013,'Deutschland','de','DEU',NULL,NULL);
INSERT INTO campsites VALUES(336,'Campingplatz am Rhein','Rüdesheim am Rhein','20240913_112125',49.97809,7.93939,'Deutschland','de','DEU',NULL,NULL);
INSERT INTO campsites VALUES(337,'Knaus Camping','Koblenz','20240915_131234',50.36525,7.60045,'Deutschland','de','DEU',NULL,NULL);
INSERT INTO campsites VALUES(338,'Stellplatz P2 Geyerlay','Mörsdorf','20240917_175238',50.10431,7.33722,'Deutschland','de','DEU',393,NULL);
INSERT INTO campsites VALUES(339,'Stellplatz Reil','Reil am Moselufer','20240918_105458',50.02645,7.1145,'Deutschland','de','DEU',158,NULL);
INSERT INTO campsites VALUES(340,'Stellplatz Sun Park','Graacher Schäferei','20240919_104736',49.93486,7.06115,'Deutschland','de','DEU',161,NULL);
INSERT INTO campsites VALUES(341,'Reisemobilpark Treviris','Trier','20240923_112709',49.74105,6.62508,'Deutschland','de','DEU',174,NULL);
INSERT INTO campsites VALUES(342,'Camping Kockelscheuer','Luxembourg','20240924_111437',49.57263,6.10727,'Luxemburg','lu','LUX',347,NULL);
CREATE TABLE IF NOT EXISTS "visits" (
        id INTEGER PRIMARY KEY AUTOINCREMENT,
        date_from DATE NOT NULL,
        date_to DATE NOT NULL,
        visit_image TEXT,
        campsite_id INTEGER,
        FOREIGN KEY(campsite_id) REFERENCES campsites(id)
      );
INSERT INTO visits VALUES(1,'2018-07-07','2018-07-08','5a381898d0b95',187);
INSERT INTO visits VALUES(2,'2018-07-13','2018-07-15','IMG_20190721_101022-1024x768',188);
INSERT INTO visits VALUES(3,'2018-07-20','2018-07-22','camping-kaiseraugst-1024x576',189);
INSERT INTO visits VALUES(4,'2018-07-27','2018-07-29','Danys_Camping_Einfahrt-1024x678',190);
INSERT INTO visits VALUES(5,'2018-08-03','2018-08-04','image-articleDetail-6ec6b759-1029207',191);
INSERT INTO visits VALUES(6,'2018-08-04','2018-08-06','gallery-img-03-big',192);
INSERT INTO visits VALUES(7,'2018-08-06','2018-08-07','162868cbe5',193);
INSERT INTO visits VALUES(8,'2018-08-07','2018-08-10','Camping_Mayrhofen_Luftbild_DJI_0202',194);
INSERT INTO visits VALUES(9,'2018-08-10','2018-08-11','camp-5',195);
INSERT INTO visits VALUES(10,'2018-09-14','2018-09-16','camping-gravas1_358641-1024x683',196);
INSERT INTO visits VALUES(11,'2018-09-22','2018-09-23','IMG_20180923_132544-1024x768',197);
INSERT INTO visits VALUES(12,'2018-10-19','2018-10-21','bern-eichholz-3',303);
INSERT INTO visits VALUES(13,'2018-10-27','2018-10-29','IMG_20181028_092539-1024x768',199);
INSERT INTO visits VALUES(14,'2018-10-29','2018-10-31','CampAyguades126372-J-1024x682',200);
INSERT INTO visits VALUES(15,'2018-10-31','2018-11-01','camping',201);
INSERT INTO visits VALUES(16,'2018-11-01','2018-11-02','2018-11-01_20-27-33',202);
INSERT INTO visits VALUES(17,'2018-11-02','2018-11-03','8016bild2',203);
INSERT INTO visits VALUES(18,'2018-12-28','2019-01-02','IMG_20190721_101022-1024x768',188);
INSERT INTO visits VALUES(19,'2019-01-18','2019-01-19','040',204);
INSERT INTO visits VALUES(20,'2019-02-22','2019-02-23','2019-02-23_17-12-36-1024x476.png',205);
INSERT INTO visits VALUES(21,'2019-02-23','2019-02-24','IMG_20190223_145028',206);
INSERT INTO visits VALUES(22,'2019-03-08','2019-03-10','IMG_20190310_090654-550x400',207);
INSERT INTO visits VALUES(23,'2019-03-22','2019-03-24','IMG_20190323_155751-550x400',208);
INSERT INTO visits VALUES(24,'2019-04-18','2019-04-20','IMG_20190419_184243-550x400',209);
INSERT INTO visits VALUES(25,'2019-04-20','2019-04-22','IMG_20190421_183037',210);
INSERT INTO visits VALUES(26,'2019-05-10','2019-05-12','IMG_20190510_201144_1',211);
INSERT INTO visits VALUES(27,'2019-05-29','2019-05-30','IMG_20190530_091357',212);
INSERT INTO visits VALUES(28,'2019-05-30','2019-06-02','IMG_20190601_102227',213);
INSERT INTO visits VALUES(29,'2019-06-07','2019-06-10','IMG_20200821_202417',214);
INSERT INTO visits VALUES(30,'2019-06-20','2019-06-22','IMG_20190621_083018',215);
INSERT INTO visits VALUES(31,'2019-07-12','2019-07-14','IMG_20190713_085848',216);
INSERT INTO visits VALUES(32,'2019-07-19','2019-07-21','IMG_20190721_101022-1024x768',188);
INSERT INTO visits VALUES(33,'2019-07-31','2019-08-01','IMG_20190731_195333',217);
INSERT INTO visits VALUES(34,'2019-08-01','2019-08-03','IMG_20190803_070032',218);
INSERT INTO visits VALUES(35,'2019-08-03','2019-08-04','IMG_20190803_143809-550x400',219);
INSERT INTO visits VALUES(36,'2019-08-04','2019-08-07','IMG_20190806_125845',220);
INSERT INTO visits VALUES(37,'2019-08-07','2019-08-10','IMG_20190809_151748-1024x768',221);
INSERT INTO visits VALUES(38,'2019-09-06','2019-09-07','IMG_20190907_083001',222);
INSERT INTO visits VALUES(39,'2019-09-07','2019-09-09','IMG_20190907_165208',223);
INSERT INTO visits VALUES(40,'2019-09-09','2019-09-11','IMG_20190909_134633',224);
INSERT INTO visits VALUES(41,'2019-09-11','2019-09-13','IMG_20190912_191154',225);
INSERT INTO visits VALUES(42,'2019-09-13','2019-09-15','IMG_20190913_190820',226);
INSERT INTO visits VALUES(43,'2019-09-15','2019-09-17','IMG_20190915_124111',227);
INSERT INTO visits VALUES(44,'2019-09-17','2019-09-20','IMG_20190917_134008',228);
INSERT INTO visits VALUES(45,'2019-09-20','2019-09-21','IMG_20190920_185627',229);
INSERT INTO visits VALUES(46,'2019-09-21','2019-09-23','IMG_20190921_174052',230);
INSERT INTO visits VALUES(47,'2019-09-23','2019-09-24','IMG_20190923_124902',231);
INSERT INTO visits VALUES(48,'2019-09-24','2019-09-26','IMG_20190924_174159',232);
INSERT INTO visits VALUES(49,'2019-12-21','2019-12-22','IMG_20191221_124635',233);
INSERT INTO visits VALUES(50,'2019-12-27','2019-12-30','IMG_20191229_152114-1024x768',234);
INSERT INTO visits VALUES(51,'2020-01-02','2020-01-05','IMG_20200103_162654-1024x768',235);
INSERT INTO visits VALUES(52,'2020-01-07','2020-01-09','IMG_20200208_094603-1024x768',236);
INSERT INTO visits VALUES(53,'2020-01-24','2020-01-26','IMG_20200126_103017',237);
INSERT INTO visits VALUES(54,'2020-03-15','2020-03-18','IMG_20200316_151442',238);
INSERT INTO visits VALUES(55,'2020-05-20','2020-05-24','IMG_20200520_190729',239);
INSERT INTO visits VALUES(56,'2020-05-29','2020-05-30','2020-06-22_21-42-53-1024x494.png',240);
INSERT INTO visits VALUES(57,'2020-05-30','2020-05-31','IMG_20200531_151609',241);
INSERT INTO visits VALUES(58,'2020-06-19','2020-06-21','IMG_20200621_100937',242);
INSERT INTO visits VALUES(59,'2020-07-03','2020-07-04','IMG_20200704_092303',243);
INSERT INTO visits VALUES(60,'2020-07-04','2020-07-05','20230205_112445',244);
INSERT INTO visits VALUES(61,'2020-07-11','2020-07-16','IMG_20200712_163941',245);
INSERT INTO visits VALUES(62,'2020-07-16','2020-07-18','IMG_20200716_142941',246);
INSERT INTO visits VALUES(63,'2020-08-07','2020-08-08','IMG_20200808_062848',247);
INSERT INTO visits VALUES(64,'2020-08-08','2020-08-09','IMG_20200808_143942',248);
INSERT INTO visits VALUES(65,'2020-08-09','2020-08-10','IMG_20200809_204546',249);
INSERT INTO visits VALUES(66,'2020-08-28','2020-08-30','IMG_20190608_100350',214);
INSERT INTO visits VALUES(67,'2020-09-04','2020-09-06','IMG_20200905_191738',250);
INSERT INTO visits VALUES(68,'2020-09-11','2020-09-13','wohnmobil-stellplatz-2020-4',251);
INSERT INTO visits VALUES(69,'2020-09-18','2020-09-20','wohnmobil-stellplatz-2020-7',252);
INSERT INTO visits VALUES(70,'2020-09-30','2020-10-04','bern-eichholz-1',303);
INSERT INTO visits VALUES(71,'2020-10-23','2020-10-26','IMG_20201024_114215-1',253);
INSERT INTO visits VALUES(72,'2020-10-26','2020-10-29','IMG_20201028_070059',254);
INSERT INTO visits VALUES(73,'2020-10-29','2020-10-30','IMG_20201029_110034',255);
INSERT INTO visits VALUES(74,'2020-11-02','2020-11-04','IMG_20201102_110351',256);
INSERT INTO visits VALUES(75,'2020-11-04','2020-11-06','IMG_20201103_154301',257);
INSERT INTO visits VALUES(76,'2020-11-27','2020-11-29','IMG_20201128_093859-1024x768',258);
INSERT INTO visits VALUES(77,'2020-12-28','2020-12-30','stoeckalp-winter-wohnmobil-stellplatz-2020-1',239);
INSERT INTO visits VALUES(78,'2020-12-30','2021-01-02','IMG_20201230_153638-1024x768',259);
INSERT INTO visits VALUES(79,'2021-02-05','2021-02-07','IMG_20210206_152708',260);
INSERT INTO visits VALUES(80,'2021-02-12','2021-02-13','womo-diner-lyss-6',261);
INSERT INTO visits VALUES(81,'2021-03-04','2021-03-06','bern-eichholz-1',303);
INSERT INTO visits VALUES(82,'2021-03-06','2021-03-07','IMG_20210306_174911',262);
INSERT INTO visits VALUES(83,'2021-04-01','2021-04-05','IMG_20210402_095641',263);
INSERT INTO visits VALUES(84,'2021-04-16','2021-04-20','IMG_20210417_105754',264);
INSERT INTO visits VALUES(85,'2021-04-20','2021-04-24','IMG_20210420_124312',265);
INSERT INTO visits VALUES(86,'2021-04-26','2021-04-30','camping-moehlin-1',266);
INSERT INTO visits VALUES(87,'2021-05-12','2021-05-16','IMG_20210513_075123',267);
INSERT INTO visits VALUES(88,'2021-05-21','2021-05-24','IMG_20210523_090017',268);
INSERT INTO visits VALUES(89,'2021-05-25','2021-05-28','IMG_20220526_083446',263);
INSERT INTO visits VALUES(90,'2021-05-29','2021-06-01','IMG_20210530_112044',269);
INSERT INTO visits VALUES(91,'2021-06-01','2021-06-04','IMG_20210601_134513',270);
INSERT INTO visits VALUES(92,'2021-06-04','2021-06-06','IMG_20210604_104655',271);
INSERT INTO visits VALUES(93,'2021-06-06','2021-06-10','IMG_20210606_133743',272);
INSERT INTO visits VALUES(94,'2021-06-10','2021-06-12','IMG_20210610_121516',273);
INSERT INTO visits VALUES(95,'2021-06-25','2021-06-27','Platz_419_60d98c15a81f-1024x768',274);
INSERT INTO visits VALUES(96,'2021-07-02','2021-07-04','IMG_20210702_113008',275);
INSERT INTO visits VALUES(97,'2021-07-22','2021-07-25','womo-wochenende-stellplatz-interlaken-5',276);
INSERT INTO visits VALUES(98,'2021-08-13','2021-08-15','IMG_20210813_190001',277);
INSERT INTO visits VALUES(99,'2021-08-20','2021-08-22','IMG_20190721_101022-1024x768',188);
INSERT INTO visits VALUES(100,'2021-09-03','2021-09-05','IMG_20210904_151058',278);
INSERT INTO visits VALUES(101,'2021-09-19','2021-09-24','IMG_20201103_154301',257);
INSERT INTO visits VALUES(102,'2021-09-24','2021-09-26','stellplatz-lugano-3',256);
INSERT INTO visits VALUES(103,'2021-10-14','2021-10-16','IMG_20211014_171228-550x400',279);
INSERT INTO visits VALUES(104,'2021-10-16','2021-10-19','IMG_20211017_151548',280);
INSERT INTO visits VALUES(105,'2021-10-19','2021-10-21','610918_gd',279);
INSERT INTO visits VALUES(106,'2021-10-21','2021-10-22','IMG_20211022_101011',281);
INSERT INTO visits VALUES(107,'2021-10-22','2021-10-25','IMG_20211024_125802',282);
INSERT INTO visits VALUES(108,'2021-10-25','2021-10-27','IMG_20211025_123408',283);
INSERT INTO visits VALUES(109,'2021-10-27','2021-10-29','IMG_20211027_120606',284);
INSERT INTO visits VALUES(110,'2021-10-29','2021-11-02','IMG_20211030_102628',285);
INSERT INTO visits VALUES(111,'2021-12-27','2021-12-28','bumbach',286);
INSERT INTO visits VALUES(112,'2021-12-28','2022-01-02','IMG_20211230_122700',287);
INSERT INTO visits VALUES(113,'2022-01-06','2022-01-08','IMG_20220107_153906',256);
INSERT INTO visits VALUES(114,'2022-01-20','2022-01-23','bern-eichholz-1',303);
INSERT INTO visits VALUES(115,'2022-01-28','2022-01-30','camping-jaunpass-6',288);
INSERT INTO visits VALUES(116,'2022-03-03','2022-03-06','IMG_20220306_090857-1024x768',289);
INSERT INTO visits VALUES(117,'2022-04-15','2022-04-17','IMG_20220415_114242',290);
INSERT INTO visits VALUES(118,'2022-04-17','2022-04-20','IMG_20220418_123711',291);
INSERT INTO visits VALUES(119,'2022-04-20','2022-04-22','IMG_20220421_152605',292);
INSERT INTO visits VALUES(120,'2022-04-22','2022-04-23','IMG_20220422_175519',293);
INSERT INTO visits VALUES(121,'2022-04-23','2022-04-25','IMG_20220424_101556',294);
INSERT INTO visits VALUES(122,'2022-05-01','2022-05-07','netnode-campoffice-yverdon-2022-5',295);
INSERT INTO visits VALUES(123,'2022-05-19','2022-05-20','luzern-thun-1',296);
INSERT INTO visits VALUES(124,'2022-05-20','2022-05-22','luzern-thun-11',297);
INSERT INTO visits VALUES(125,'2022-06-03','2022-06-06','20220603_190927',275);
INSERT INTO visits VALUES(126,'2022-06-15','2022-06-17','breithorn-weekend-7',292);
INSERT INTO visits VALUES(127,'2022-06-17','2022-06-20','breithorn-weekend-8',298);
INSERT INTO visits VALUES(128,'2022-06-22','2022-06-26','todtmoos-davos-4',299);
INSERT INTO visits VALUES(129,'2022-07-29','2022-08-01','todtmoos-davos-13-550x400',300);
INSERT INTO visits VALUES(130,'2022-08-10','2022-08-12','20220812_084518',275);
INSERT INTO visits VALUES(131,'2022-08-12','2022-08-15','20220814_144818',301);
INSERT INTO visits VALUES(132,'2023-02-03','2023-02-05','20230205_112408',302);
INSERT INTO visits VALUES(133,'2023-02-23','2023-02-26','bern-eichholz-3',303);
INSERT INTO visits VALUES(134,'2023-03-09','2023-03-11','IMG_20220107_153923',304);
INSERT INTO visits VALUES(135,'2023-04-06','2023-04-10','20230406_182043',263);
INSERT INTO visits VALUES(136,'2023-04-28','2023-04-30','20230429_140038',305);
INSERT INTO visits VALUES(137,'2023-04-30','2023-05-02','20230502_085836',306);
INSERT INTO visits VALUES(138,'2023-05-02','2023-05-05','20230503_150830',307);
INSERT INTO visits VALUES(139,'2023-05-05','2023-05-06','20230505_173843',308);
INSERT INTO visits VALUES(140,'2023-05-17','2023-05-21','20230517_203105',292);
INSERT INTO visits VALUES(141,'2023-05-24','2023-05-29','20230526_074303',275);
INSERT INTO visits VALUES(142,'2023-06-22','2023-06-25','20230622_154340',309);
INSERT INTO visits VALUES(143,'2023-06-25','2023-06-28','20230406_182027',263);
INSERT INTO visits VALUES(144,'2023-08-11','2023-08-14','IMG_20210206_152647',310);
INSERT INTO visits VALUES(145,'2023-09-01','2023-09-03','20230902_144053',311);
INSERT INTO visits VALUES(146,'2023-09-23','2023-09-24','20230924_084851',312);
INSERT INTO visits VALUES(147,'2023-09-24','2023-09-26','20230924_143204',313);
INSERT INTO visits VALUES(148,'2023-09-26','2023-09-28','20230926_113656',314);
INSERT INTO visits VALUES(149,'2023-09-28','2023-09-29','20230928_164811',315);
INSERT INTO visits VALUES(150,'2023-09-29','2023-09-30','20230929_174351',316);
INSERT INTO visits VALUES(151,'2023-09-30','2023-10-02','20231001_154020',317);
INSERT INTO visits VALUES(152,'2023-10-02','2023-10-03','20231002_132131',318);
INSERT INTO visits VALUES(153,'2023-10-03','2023-10-04','20231003_161725',319);
INSERT INTO visits VALUES(154,'2023-10-04','2023-10-05','20231004_160520',320);
INSERT INTO visits VALUES(155,'2023-10-05','2023-10-06','20231005_142508',321);
INSERT INTO visits VALUES(156,'2023-10-06','2023-10-09','20231006_163214',322);
INSERT INTO visits VALUES(157,'2023-10-09','2023-10-10','20231009_175805',323);
INSERT INTO visits VALUES(158,'2023-10-10','2023-10-12','20231010_113752',324);
INSERT INTO visits VALUES(159,'2023-12-28','2024-01-01','20231228_124645',325);
INSERT INTO visits VALUES(160,'2024-01-25','2024-01-28','20240128_110254',326);
INSERT INTO visits VALUES(161,'2024-03-09','2024-03-10','20240310_091123',287);
INSERT INTO visits VALUES(162,'2024-03-15','2024-03-17','20240317_100310',327);
INSERT INTO visits VALUES(163,'2024-03-28','2024-03-29','20240328_143625',328);
INSERT INTO visits VALUES(164,'2024-03-29','2024-04-01','20240329_103924',329);
INSERT INTO visits VALUES(165,'2024-04-01','2024-04-03','20240401_122042',271);
INSERT INTO visits VALUES(166,'2024-04-03','2024-04-06','20240405_103151',285);
INSERT INTO visits VALUES(167,'2024-05-08','2024-05-12','20240511_095642',292);
INSERT INTO visits VALUES(168,'2024-05-18','2024-05-20','20240520_081035',275);
INSERT INTO visits VALUES(169,'2024-06-28','2024-06-29','20240628_201652',330);
INSERT INTO visits VALUES(170,'2023-01-12','2023-01-15','20230115_095226',296);
INSERT INTO visits VALUES(171,'2022-10-17','2022-10-18','20221017_170003',331);
INSERT INTO visits VALUES(172,'2022-10-18','2022-10-21','20221018_131303',332);
INSERT INTO visits VALUES(173,'2022-10-21','2022-10-24','20221022_081125',333);
INSERT INTO visits VALUES(174,'2024-06-29','2024-07-06','20240629_112228',194);
INSERT INTO visits VALUES(175,'2024-07-31','2024-08-03','20240801_092824',298);
INSERT INTO visits VALUES(176,'2024-08-15','2024-08-16','20240815_1735131',302);
INSERT INTO visits VALUES(177,'2024-09-09','2024-09-11','0ef4387b-ca43-0536-9a8d-e94eff67a1cf',334);
INSERT INTO visits VALUES(178,'2024-09-11','2024-09-13','20240911_142343',335);
INSERT INTO visits VALUES(179,'2024-09-13','2024-09-15','20240913_112125',336);
INSERT INTO visits VALUES(180,'2024-09-15','2024-09-17','20240915_131234',337);
INSERT INTO visits VALUES(181,'2024-09-17','2024-09-18','20240917_175238',338);
INSERT INTO visits VALUES(182,'2024-09-18','2024-09-19','20240918_105458',339);
INSERT INTO visits VALUES(183,'2024-09-19','2024-09-23','20240919_104736',340);
INSERT INTO visits VALUES(184,'2024-09-23','2024-09-24','20240923_112709',341);
INSERT INTO visits VALUES(185,'2024-09-24','2024-09-26','20240924_111437',342);
INSERT INTO visits VALUES(186,'2024-09-29','2024-10-04','solothurnworkation',289);
INSERT INTO visits VALUES(191,'2024-12-26','2025-01-02','tcs-camping-lugano-26-12-2024',259);
DELETE FROM sqlite_sequence;
INSERT INTO sqlite_sequence VALUES('users',1);
INSERT INTO sqlite_sequence VALUES('campsites',351);
INSERT INTO sqlite_sequence VALUES('visits',191);
COMMIT;
